Data,Descrição,Valor,Categoria
30/12/2025,safety2u,"500,00",renda
25/12/2025,campeão abastecimento,"-92,08",transporte
22/12/2025,tesouro direto,"-4.485,58",investimento
22/12/2025,cpfl,"-439,71",moradia
19/12/2025,tesouro direto,"-6.993,55",investimento
19/12/2025,13 sal,"11.305,86",renda
16/12/2025,c6 bolsa,"-600,00",investimento
15/12/2025,maira,"-100,00",pensão
15/12/2025,psicologo andre,"-960,00",saúde
12/12/2025,daerp,"-276,50",moradia
12/12/2025,daerp,"-357,34",moradia
12/12/2025,taxa manutenção girassois,"-103,60",moradia
09/12/2025,Pedro fisio,"-1.400,00",saúde
08/12/2025,nutri gourmet,"-274,23",alimentação
08/12/2025,nutri gourmet (lunch tetê),"-151,20",alimentação
08/12/2025,presente Poly,"-431,32",compras
08/12/2025,escola joâo,"-3.940,67",educação
08/12/2025,caixa nu,"-77,45",investimento
08/12/2025,jc pontos,"-28,50",filhos
08/12/2025,mt pontos,"-94,05",filhos
08/12/2025,maiara caixa nu,"-300,00",pensão
05/12/2025,presente maiara,"-300,00",compras
05/12/2025,escola thereza,"-3.837,86",educação
05/12/2025,piano,"-940,00",educação
05/12/2025,quadra de tennis,"-90,00",esporte
05/12/2025,c6 bolsa,"-500,00",investimento
05/12/2025,nomad dolar,"-2.000,00",investimento
05/12/2025,wise euros,"-2.000,00",investimento
05/12/2025,condominio,"-660,00",moradia
05/12/2025,salário,"18.390,42",renda
04/12/2025,tesouro,"1.932,05",resgate
03/12/2025,venda lavadora,"210,00",renda
28/11/2025,tabelião de notas,"-5,95",serviços
28/11/2025,zocal documentos,"-112,55",serviços
17/11/2025,cpfl,"-278,65",moradia
17/11/2025,daerp,"-492,68",moradia
17/11/2025,taxa manutenção girassois,"-103,60",moradia
13/11/2025,c6 dolar,"-500,00",investimento
13/11/2025,wise euros,"-1.000,00",investimento
11/11/2025,caixa nu,"-13,00",investimento
11/11/2025,jc pontos,"-218,50",filhos
11/11/2025,mt pontos,"-218,50",filhos
11/11/2025,maiara caixa nu,"-300,00",pensão
10/11/2025,nutri gourmet,"-274,23",alimentação
10/11/2025,escola thereza,"-3.837,86",educação
10/11/2025,c6 bolsa,"-600,00",investimento
10/11/2025,nomad dolar,"-1.200,00",investimento
10/11/2025,wise euros,"-2.000,00",investimento
08/11/2025,nutri gourmet (lunch tetê),"-236,40",alimentação
07/11/2025,escola joâo,"-3.940,67",educação
07/11/2025,piano,"-940,00",educação
07/11/2025,quadra de tennis,"-90,00",esporte
07/11/2025,condominio,"-660,00",moradia
07/11/2025,salário,"18.390,42",renda
07/11/2025,psicologo andre,"-1.280,00",saúde
31/10/2025,c6 investimento,"-260,00",investimento
31/10/2025,maiara pix uber,"-40,00",pensão
31/10/2025,marcio,"280,00",pensão
29/10/2025,cartorio,"-63,33",serviços
27/10/2025,cpfl,"-381,95",moradia
27/10/2025,cartorio,"-200,00",serviços
23/10/2025,Pedro fisio,"-1.400,00",saúde
22/10/2025,resgate,"500,00",resgate
13/10/2025,taxa manutenção girassois,"-103,60",moradia
10/10/2025,c6 bolsa,"-500,00",investimento
10/10/2025,psicologo andre,"-960,00",saúde
09/10/2025,quadra de tennis,"-90,00",esporte
08/10/2025,nutri gourmet,"-274,23",alimentação
08/10/2025,escola joâo,"-3.940,67",educação
08/10/2025,c6 bolsa,"-100,00",investimento
08/10/2025,nomad dolar,"-800,00",investimento
08/10/2025,tesouro direto,"-522,81",investimento
08/10/2025,wise libras,"-1.100,00",investimento
07/10/2025,nutri gourmet (lunch tetê),"-252,80",alimentação
07/10/2025,escola thereza,"-3.837,86",educação
07/10/2025,piano,"-940,00",educação
07/10/2025,condominio,"-660,00",moradia
07/10/2025,empregada (poly),"-1.500,00",moradia
07/10/2025,jc pontos,"-105,00",filhos
07/10/2025,mt pontos,"-255,00",filhos
07/10/2025,maiara caixa nu,"-300,00",pensão
07/10/2025,salário,"18.390,42",renda
07/10/2025,multa,"-104,13",transporte
06/10/2025,caixa nu,"-25,00",investimento
06/10/2025,gravata casamento,"-50,00",lazer
06/10/2025,thereza,"-40,00",filhos
19/09/2025,saque aeroporto,"-50,00",viagem
18/09/2025,estacionamento,"-6,50",transporte
16/09/2025,taxa manutenção girassois,"-95,26",moradia
15/09/2025,transfer Tetê,"-50,00",filhos
12/09/2025,horta,"-20,00",alimentação
12/09/2025,nomad dolares,"-450,00",investimento
12/09/2025,cpfl,"-159,32",moradia
10/09/2025,c6 dolar,"-500,00",investimento
10/09/2025,psicologo andre,"-1.280,00",saúde
09/09/2025,c6 dolares,"-1.000,00",investimento
09/09/2025,nomad dolares,"-1.000,00",investimento
09/09/2025,daerp,"-158,43",moradia
08/09/2025,escola thereza,"-3.837,86",educação
08/09/2025,caixa nu,"-133,00",investimento
08/09/2025,jc pontos,"-108,50",filhos
08/09/2025,mt pontos,"-108,50",filhos
08/09/2025,mt presente mamis,"-150,00",filhos
08/09/2025,maiara caixa nu,"-300,00",pensão
08/09/2025,Pedro fisio,"-1.400,00",saúde
05/09/2025,nutri gourmet,"-274,23",alimentação
05/09/2025,escola joâo,"-3.940,67",educação
05/09/2025,piano,"-940,00",educação
05/09/2025,c6 invest dollar,"-1.200,00",investimento
05/09/2025,wise euros,"-1.290,98",investimento
05/09/2025,condominio,"-660,00",moradia
05/09/2025,retorno saude mãe,"784,08",pensão
05/09/2025,salário,"18.390,42",renda
04/09/2025,nutri gourmet (lunch tetê),"-176,00",alimentação
04/09/2025,dinheiro da TEte,"150,00",filhos
01/09/2025,nu caixinha,"200,00",investimento
01/09/2025,marcio,"230,00",pensão
01/09/2025,pid detran,"-418,22",viagem
29/08/2025,quadra tennis,"-90,00",esporte
29/08/2025,caixa nubank,"-300,00",investimento
29/08/2025,safety2u,"400,00",renda
26/08/2025,cartorio inventário,"-205,00",serviços
20/08/2025,cpfl,"-110,01",moradia
20/08/2025,taxa manutenção girassois,"-95,26",moradia
20/08/2025,resgate caixa nu,"400,00",resgate
13/08/2025,daerp,"-158,43",moradia
13/08/2025,psicologo andre,"-1.280,00",saúde
12/08/2025,pedro - camiseta,"-50,00",compras
11/08/2025,maria thereza,"-50,00",filhos
11/08/2025,divida maiara,"-6.500,00",pensão
11/08/2025,saúde mãe,"-1.378,58",pensão
11/08/2025,tesouro direto,"1.525,29",resgate
08/08/2025,nutri gourmet,"-274,23",alimentação
08/08/2025,c6 invest,"-400,00",investimento
08/08/2025,condominio,"-660,00",moradia
08/08/2025,cartório,"-65,56",serviços
07/08/2025,escola thereza,"-3.837,86",educação
07/08/2025,piano,"-940,00",educação
07/08/2025,nomad dolares,"-1.000,00",investimento
07/08/2025,wise euros,"-1.200,00",investimento
07/08/2025,empregada (poly),"-1.600,00",moradia
07/08/2025,salário,"18.390,42",renda
07/08/2025,Pedro fisio,"-1.400,00",saúde
06/08/2025,quadra de tennis,"-90,00",esporte
06/08/2025,maiara pizza,"-105,00",pensão
06/08/2025,resgate tesouro direto,"4.908,29",resgate
06/08/2025,tab copias,"-47,60",serviços
04/08/2025,c6invest,"-300,00",investimento
01/08/2025,c6 invest,"-300,00",investimento
31/07/2025,safety2u,"700,00",renda
28/07/2025,wise euros,"-1.300,00",investimento
25/07/2025,remendo pneu,"-20,00",serviços
22/07/2025,c6 invest,"-300,00",investimento
18/07/2025,cpfl,"-186,84",moradia
18/07/2025,taxa manutenção girassois,"-96,00",moradia
16/07/2025,quadra de tennis,"-90,00",esporte
16/07/2025,psicologo andre,"-640,00",saúde
15/07/2025,cartório  cert obito,"-104,10",serviços
14/07/2025,horta,"-18,00",alimentação
14/07/2025,c6 invest,"-120,00",investimento
11/07/2025,transfer pernanbuco,"-300,00",viagem
09/07/2025,saúde mãe,"-1.222,73",pensão
08/07/2025,nutri gourmet,"-274,23",alimentação
08/07/2025,escola joâo,"-3.940,67",educação
08/07/2025,escola joâo,"-3.940,67",educação
08/07/2025,nomad dolares,"-1.000,00",investimento
08/07/2025,nu caixa,"-100,00",investimento
08/07/2025,daerp,"-158,43",moradia
08/07/2025,maiara caixa nu,"-300,00",pensão
08/07/2025,saúde mãe,"-1.222,73",pensão
07/07/2025,nutri gourmet (lunch tetê),"-176,00",alimentação
07/07/2025,escola thereza,"-3.837,86",educação
07/07/2025,piano,"-940,00",educação
07/07/2025,condominio,"-660,00",moradia
07/07/2025,empregada,"-1.699,77",moradia
07/07/2025,salário,"17.461,40",renda
06/07/2025,condominio,"-660,00",moradia
02/07/2025,nomad dolares,"-950,00",investimento
30/06/2025,c6 dollar ,"-2.500,00",investimento
30/06/2025,tesouro direto,"-10.046,79",investimento
30/06/2025,wise euros,"-1.945,00",investimento
30/06/2025,restituição IR,"15.000,00",renda
30/06/2025,safety2u,"500,00",renda
28/06/2025,maiara uber,"-40,00",pensão
24/06/2025,quadra de tennis,"-90,00",esporte
17/06/2025,nutri gourmet (lunch tetê),"-198,00",alimentação
17/06/2025,Pedro fisio,"-1.400,00",saúde
16/06/2025,deposito mamis,"120,00",pensão
12/06/2025,cpfl,"-122,44",moradia
12/06/2025,daerp,"-158,43",moradia
12/06/2025,taxa manutenção girassois,"-95,26",moradia
12/06/2025,upgrade impressão,"-43,50",serviços
11/06/2025,psicologo andre,"-1.280,00",saúde
09/06/2025,escola thereza,"-3.837,86",educação
09/06/2025,nu caixa,"-800,00",investimento
09/06/2025,mt pontos,"-109,30",filhos
09/06/2025,maiara caixa nu,"-300,00",pensão
07/06/2025,nutri gourmet,"-274,23",alimentação
07/06/2025,c6 renda variavel,"-270,00",investimento
06/06/2025,escola joâo,"-3.940,67",educação
06/06/2025,piano,"-940,00",educação
06/06/2025,empregada,"-1.699,77",moradia
06/06/2025,salário,"17.461,40",renda
06/06/2025,hotel california/seguro saúde,"-350,00",viagem
05/06/2025,quadra de tennis,"-90,00",esporte
02/06/2025,deposito fone mamis,"100,00",pensão
30/05/2025,c6 renda variável,"-170,00",investimento
29/05/2025,pão de açucar flores,"-12,99",compras
26/05/2025,reginaldo piscineiro,"-150,00",serviços
20/05/2025,nutri gourmet (lunch tetê),"-198,00",alimentação
20/05/2025,reforço (nu),"400,00",resgate
19/05/2025,Poly compra carro,"-7.000,00",compras
19/05/2025,reforço (nu),"200,00",resgate
17/05/2025,passaporte,"-257,25",viagem
16/05/2025,poly compra carro,"-8.000,00",compras
16/05/2025,cpfl,"-115,77",moradia
16/05/2025,taxa manutenção girassois,"-95,26",moradia
16/05/2025,resgate tesouro direto,"14.562,39",resgate
15/05/2025,horta,"-27,00",alimentação
15/05/2025,ted ,"83,00",taxa-imposto
15/05/2025,byd compra carro,"-500,00",transporte
14/05/2025,daerp,"-158,43",moradia
14/05/2025,tesouro direto,"977,99",resgate
13/05/2025,psicologo andre,"-1.280,00",saúde
12/05/2025,Pedro fisio,"-1.400,00",saúde
09/05/2025,escola joâo,"-3.940,67",educação
09/05/2025,nu caixinha,"-36,00",investimento
09/05/2025,mt pontos,"-164,00",filhos
09/05/2025,maiara caixa nu,"-300,00",pensão
09/05/2025,saúde mãe,"-1.222,73",pensão
08/05/2025,nutri gourmet,"-274,23",alimentação
08/05/2025,escola thereza,"-3.837,86",educação
08/05/2025,piano,"-940,00",educação
08/05/2025,c6 dollar ,"-640,00",investimento
08/05/2025,nomad,"-700,00",investimento
08/05/2025,condominio,"-660,00",moradia
08/05/2025,empregada,"-1.699,77",moradia
08/05/2025,salário,"17.461,40",renda
07/05/2025,tesouro  direito,"-4.798,39",investimento
07/05/2025,tesouro selic,"4.878,25",resgate
02/05/2025,uber maiara,"-41,00",pensão
30/04/2025,c6 renda variavel,"-500,00",investimento
28/04/2025,venda bike,"110,00",renda
28/04/2025,jardineiro,"-220,00",serviços
24/04/2025,c6 renda variável,"-320,00",investimento
23/04/2025,c6 dollar,"-800,00",investimento
23/04/2025,nomad,"-1.200,00",investimento
23/04/2025,cpfl,"-353,10",moradia
17/04/2025,bike center,"-300,00",compras
17/04/2025,bike center,"-3.561,00",compras
17/04/2025,c6 dollar ,"-600,00",investimento
17/04/2025,nomad,"-500,00",investimento
16/04/2025,taxa manutenção girassois,"-95,26",moradia
16/04/2025,deposito fone mamis,"150,00",pensão
16/04/2025,droga sampa nebacetim,"-11,59",viagem
15/04/2025,psicologo andre,"-1.280,00",saúde
13/04/2025,daerp,"-158,43",moradia
11/04/2025,haroldo piscina,"-150,00",serviços
09/04/2025,horta stela,"-30,00",alimentação
09/04/2025,horta stela,"-30,00",alimentação
09/04/2025,c6 renda variavel,"-1.000,00",investimento
09/04/2025,reserva nuBank,"-1.000,00",investimento
09/04/2025,maiara caixa nu,"-300,00",pensão
08/04/2025,nutri gourmet,"-274,23",alimentação
08/04/2025,escola thereza,"-3.837,86",educação
08/04/2025,saúde mãe,"-1.222,73",pensão
07/04/2025,escola joâo,"-3.940,67",educação
07/04/2025,piano,"-940,00",educação
07/04/2025,c6 renda variável,"-1.500,00",investimento
07/04/2025,condominio,"-660,00",moradia
07/04/2025,empregada,"-1.296,70",moradia
07/04/2025,salário,"27.826,59",renda
07/04/2025,Pedro fisio,"-1.400,00",saúde
07/04/2025,dedetização,"-380,00",serviços
01/04/2025,nomad,"-500,00",investimento
31/03/2025,safety2u,"500,00",renda
30/03/2025,chip claro,"-10,00",moradia
27/03/2025,c6,"-200,00",investimento
27/03/2025,maira uber,"-30,00",pensão
25/03/2025,c6dolar,"-600,00",investimento
24/03/2025,horta stela,"-36,00",alimentação
24/03/2025,cpfl,"-632,29",moradia
24/03/2025,conta celular mamis,"-134,90",pensão
20/03/2025,c6 dollar (via selic),"-800,00",investimento
20/03/2025,tesouro selic,"1.125,87",resgate
18/03/2025,nomad,"-500,00",investimento
18/03/2025,taxa manutenção girassois,"-95,26",moradia
12/03/2025,nutri gourmet,"-88,00",alimentação
11/03/2025,c6 dollar,"-1.000,00",investimento
11/03/2025,nu caixinha,"-40,00",investimento
11/03/2025,daerp,"-158,43",moradia
11/03/2025,kids pontos,"-100,00",filhos
11/03/2025,maiara caixa nu,"-300,00",pensão
11/03/2025,psicologo andre,"-960,00",saúde
11/03/2025,multa,"-104,12",transporte
10/03/2025,nutri gourmet,"-274,23",alimentação
10/03/2025,escola joâo,"-3.940,67",educação
10/03/2025,escola thereza,"-3.837,86",educação
10/03/2025,c6 renda variavel,"-785,10",investimento
10/03/2025,saúde mãe,"-1.222,73",pensão
09/03/2025,piano,"-870,00",educação
09/03/2025,empregada,"-1.335,71",moradia
09/03/2025,dona fiuka,"-27,39",viagem
08/03/2025,condominio,"-510,00",moradia
07/03/2025,salário,"17.461,40",renda
05/03/2025,c6 renda variável,"-500,00",investimento
05/03/2025,nomad,"-500,00",investimento
05/03/2025,estacionamento,"-20,00",transporte
28/02/2025,tesouro selic,"959,13",resgate
21/02/2025,c6 renda variavel,"-500,00",investimento
20/02/2025,deposito,"100,00",renda
18/02/2025,nomad dolar,"-500,00",investimento
18/02/2025,nomad/c6 dolar,"-1.700,00",investimento
18/02/2025,tesouro direto,"-1.277,45",investimento
17/02/2025,cpfl,"-92,89",moradia
17/02/2025,daerp,"-151,19",moradia
17/02/2025,taxa manutenção girassois,"-95,26",moradia
17/02/2025,iptu uberaba,"-49,85",pensão
12/02/2025,kids pontos,"-200,00",filhos
11/02/2025,Pedro fisio,"-1.400,00",saúde
11/02/2025,psicologo andre,"-640,00",saúde
10/02/2025,nutri gourmet,"-274,23",alimentação
10/02/2025,escola thereza,"-3.837,86",educação
10/02/2025,saúde mãe,"-1.222,73",pensão
07/02/2025,escola joâo,"-3.940,67",educação
07/02/2025,piano,"-870,00",educação
07/02/2025,condominio,"-510,00",moradia
07/02/2025,empregada,"-1.068,93",moradia
07/02/2025,salário,"17.461,40",renda
06/02/2025,nu clear,"-600,00",investimento
05/02/2025,c6 dollar,"-2.000,00",investimento
04/02/2025,tesouro selic,"3.008,96",resgate
22/01/2025,nomad,"-2.500,00",investimento
22/01/2025,nu clear,"-500,00",investimento
22/01/2025,tesouro selic,"-1.269,51",investimento
21/01/2025,maiara transporte,"-100,00",pensão
15/01/2025,cpfl,"-251,38",moradia
14/01/2025,nomad dolar,"-2.000,00",investimento
14/01/2025,psicologo andre,"-960,00",saúde
14/01/2025,crea/sp,"-569,23",trabalho
13/01/2025,taxa manutenção girassois,"-95,26",moradia
13/01/2025,maiara caixa nu,"-300,00",pensão
13/01/2025,deposito,"400,00",renda
11/01/2025,daerp,"-151,19",moradia
09/01/2025,escola thereza,"-3.077,86",educação
09/01/2025,piano,"-870,00",educação
09/01/2025,c6,"-1.000,00",investimento
09/01/2025,nomad dollar (via selic),"-1.000,00",investimento
09/01/2025,saúde mãe,"-1.222,73",pensão
08/01/2025,escola joâo,"-3.140,67",educação
08/01/2025,nu(clear),"-500,00",investimento
08/01/2025,condominio,"-510,00",moradia
08/01/2025,empregada,"-1.692,26",moradia
08/01/2025,salário,"17.632,54",renda
07/01/2025,c6,"-1.000,00",investimento
07/01/2025,nomad dolar,"-1.000,00",investimento
07/01/2025,placa Bia cemiterio,"-250,00",pensão
06/01/2025,c6,"-1.000,00",investimento
06/01/2025,nomad dolar,"-1.000,00",investimento
06/01/2025,nu(clear),"-500,00",investimento
06/01/2025,tesouro direto,"5.023,40",resgate
03/01/2025,nomad dolar,"-1.000,00",investimento
03/01/2025,nu(clear),"-500,00",investimento
03/01/2025,tesouro direto,"5.019,60",resgate